id,RT_K,T1_I,T1_J,T1_K,U_K,U_J,U_I,technique,U1_I,speedup,T2_K,T2_J,T2_I,points,RT_I,cost_mean,RT_J
1,1,32,16,1,1,14,15,RSL,10,1.8396115089544733,1,256,2048,170,8,0.09672706857142857,8
2,8,1,256,64,18,1,12,RSL,3,1.6171797505746421,512,1,1,170,1,0.1100312,8
3,1,64,1,16,29,30,1,RSL,13,1.6017466188707472,512,1,256,170,8,0.11109137142857144,8
