id,RT_K,T1_I,T1_J,T1_K,U_K,U_J,U_I,technique,U1_I,speedup,T2_K,T2_J,T2_I,points,RT_I,cost_mean,RT_J
1,1,16,32,512,30,6,1,DLMT,16,1.4979236761614034,2048,1,64,130,8,0.11862311428571429,1
2,8,512,16,1,1,11,13,DLMT,27,1.587553045278919,1,2048,1,131,1,0.11192594285714287,1
