id,RT_K,T1_I,T1_J,T1_K,U_K,U_J,U_I,technique,U1_I,speedup,T2_K,T2_J,T2_I,points,RT_I,cost_mean,RT_J
1,8,512,512,256,1,7,9,DLMT,28,1.5887655367744933,2048,1,2048,155,1,0.11164065714285712,8
2,1,256,512,1,1,13,4,DLMT,26,1.745213928585987,1,2048,2048,127,1,0.10163271428571427,1
