id,RT_K,T1_I,T1_J,T1_K,U_K,U_J,U_I,technique,U1_I,speedup,T2_K,T2_J,T2_I,points,RT_I,cost_mean,RT_J
1,1,256,32,1,1,24,12,RS,10,1.861819114340343,1,512,1,171,8,0.09543730571428574,8
2,1,128,1,1,1,2,3,RS,1,1.8896049660367307,1,64,1024,170,8,0.09403394000000001,8
3,1,32,1,1,1,1,26,RS,2,1.8909422242427805,1,64,128,170,8,0.09396744000000001,8
