id,RT_K,T1_I,T1_J,T1_K,U_K,U_J,U_I,technique,U1_I,speedup,T2_K,T2_J,T2_I,points,RT_I,cost_mean,RT_J
1,1,128,256,1,1,28,7,SIMP,1,1.8835417628395925,1,1,128,171,8,0.09400848857142859,8
2,1,1,1,1,15,1,12,SIMP,1,1.7214856402864747,1,1,1,170,1,0.10285820000000001,8
3,1,1,1,1,15,1,12,SIMP,1,1.7214856402864747,1,1,1,170,1,0.10285820000000001,8
