id,RT1_I2,RT1_I1,technique,U1_I1,cost_mean,RT2_I2,T2_I2a,speedup,RT2_I1,T1_I1a,U2_I1,points,T1_I2,T2_I2,T2_I1,T1_I1,U2_I2,T1_I2a,T2_I1a,U1_I2
1,1,8,DLMT,12,1.0931751428571428,1,1024,1.0110958562907053,1,512,1,213,128,128,1,16,2,1024,256,1
