id,RT1_I2,RT1_I1,technique,U1_I1,cost_mean,RT2_I2,T2_I2a,speedup,RT2_I1,T1_I1a,U2_I1,points,T1_I2,T2_I2,T2_I1,T1_I1,U2_I2,T1_I2a,T2_I1a,U1_I2
1,1,8,DLMT,1,1.0946322857142854,1,1024,1.009233629140432,1,2048,1,154,512,512,1,512,4,1,1024,20
