id,RT_K,T1_I,T1_J,T1_K,U_K,U_J,U_I,technique,U1_I,speedup,T2_K,T2_J,T2_I,points,RT_I,cost_mean,RT_J
1,1,32,1,512,25,18,1,DLMT,9,1.518966431594894,1,1024,2048,143,8,0.11723268571428573,1
2,1,1,512,1,30,1,25,DLMT,28,1.5173226922167724,1,1,256,49,8,0.11735968571428572,8
