id,RT_K,T1_I,T1_J,T1_K,U_K,U_J,U_I,technique,U1_I,speedup,T2_K,T2_J,T2_I,points,RT_I,cost_mean,RT_J
1,1,512,1,64,6,1,5,DLMT,7,1.4578534148717142,64,1,1,143,1,0.12114657142857142,1
2,8,512,16,128,1,30,11,DLMT,27,1.5873396736311336,256,2048,2048,100,1,0.1112641142857143,1
