id,RT_K,T1_I,T1_J,T1_K,U_K,U_J,U_I,technique,U1_I,speedup,T2_K,T2_J,T2_I,points,RT_I,cost_mean,RT_J
1,1,1,1,256,4,1,8,DLMT,3,1.5707118528842245,2048,2048,2048,158,1,0.1133055142857143,8
2,1,512,512,256,12,1,8,DLMT,26,1.3964016595516016,256,1,1,126,1,0.1274492285714286,1
