id,RT_K,T1_I,T1_J,T1_K,U_K,U_J,U_I,technique,U1_I,speedup,T2_K,T2_J,T2_I,points,RT_I,cost_mean,RT_J
1,1,16,256,128,22,1,4,SIMA,16,1.5261743084835215,256,2048,64,171,8,0.11556588571428572,8
2,1,256,512,128,19,25,1,SIMA,16,1.5275028654231022,1,1,512,170,8,0.11546537142857143,8
3,8,1,512,1,1,19,28,SIMA,11,1.5758291376855744,2048,1024,128,170,8,0.11192437142857145,1
