id,RT_K,T1_I,T1_J,T1_K,U_K,U_J,U_I,technique,U1_I,speedup,T2_K,T2_J,T2_I,points,RT_I,cost_mean,RT_J
1,1,32,64,16,30,1,1,RSL,15,1.5994283620942966,1,512,256,170,8,0.11035957142857142,8
2,8,1,1,256,1,24,10,RSL,1,1.6175220153648058,512,256,512,170,1,0.10912508571428568,8
3,1,32,1,1,1,28,13,RSL,25,1.7406624963160522,1,512,2048,170,8,0.10140519999999999,1
