id,RT_K,T1_I,T1_J,T1_K,U_K,U_J,U_I,technique,U1_I,speedup,T2_K,T2_J,T2_I,points,RT_I,cost_mean,RT_J
1,8,256,64,1,5,1,12,RS,24,1.6130801410654554,1,64,1024,171,1,0.10963097142857144,8
2,1,16,16,1,1,4,4,RS,1,1.823542196431929,1,1024,1024,170,8,0.09697803714285715,8
3,8,512,64,1,7,1,12,RS,15,1.614590341189959,2048,64,512,170,1,0.10952842857142857,8
