id,RT_K,T1_I,T1_J,T1_K,U_K,U_J,U_I,technique,U1_I,speedup,T2_K,T2_J,T2_I,points,RT_I,cost_mean,RT_J
1,1,512,512,1,1,13,10,DLMT,29,1.9335660175626563,1,1,2048,135,1,0.09202252571428574,1
2,8,16,1,1,1,1,16,DLMT,11,1.3466718045827357,64,2048,2048,113,1,0.13212694285714288,1
