id,RT1_I2,RT1_I1,technique,U1_I1,cost_mean,RT2_I2,T2_I2a,speedup,RT2_I1,T1_I1a,U2_I1,points,T1_I2,T2_I2,T2_I1,T1_I1,U2_I2,T1_I2a,T2_I1a,U1_I2
1,1,8,DLMT,18,1.090992857142857,32,2048,1.0107068921493527,1,256,1,146,16,1,32,256,3,1,512,1
