id,RT_K,T1_I,T1_J,T1_K,U_K,U_J,U_I,technique,U1_I,speedup,T2_K,T2_J,T2_I,points,RT_I,cost_mean,RT_J
1,1,128,16,1,1,27,28,RS,30,1.864152692121699,1,128,2048,171,8,0.0954657542857143,8
2,1,1,1,16,8,1,12,RS,10,1.5837183066074716,1,1024,2048,170,1,0.1123702,8
3,8,32,1,256,24,16,1,RS,9,1.5873741908239738,1,1024,1,170,8,0.1121114,1
