id,RT_K,T1_I,T1_J,T1_K,U_K,U_J,U_I,technique,U1_I,speedup,T2_K,T2_J,T2_I,points,RT_I,cost_mean,RT_J
1,1,32,128,16,27,27,1,RS,28,1.6043034355844992,512,2048,1,171,8,0.11079254285714286,8
2,8,16,512,1,29,18,1,RS,10,1.5935219872053483,1,1,1,170,8,0.11154214285714287,1
3,1,32,1,1,1,19,3,RS,13,1.8536500598950765,1,1,256,170,8,0.09588911142857143,8
